<?xml version="1.0" encoding="UTF-8" ?>
<!DOCTYPE mapper PUBLIC "-//mybatis.org//DTD Mapper 3.0//EN"
        "http://mybatis.org/dtd/mybatis-3-mapper.dtd">

<mapper namespace="com.fastcampus.ch4.dao.BoardMapper">
    <select id="select" parameterType="int" resultType="BoardDto">
        <include refid="selectFromBoard"/>
        WHERE bno = #{bno}
    </select>

    <!-- count : 전체 게시물 갯수 갖고 옴-->
    <select id="count" resultType="int">
        SELECT count(*) FROM board
    </select>

<!--    insert : 매개변수로 BoardDto를 주면 아래를 채워줌-->
    <insert id="insert" parameterType="BoardDto">
        INSERT INTO board
            (btype,title, content, writer)
        VALUES
            (${btype}, #{title}, #{content}, #{writer})
    </insert>

<!--    update : BoardDto를 주면 준 내용으로 업데이트-->
    <update id="update" parameterType="BoardDto">
        UPDATE board
        SET   title = #{title}
          , content = #{content}
          , up_date = now() <!-- up_date = sysdate -->
        WHERE bno = #{bno} and writer =#{writer}
    </update>

<!--    delete : 게시물 번호와 작성자가 일치하면 삭제    -->
    <delete id="delete" parameterType="map">
        DELETE FROM board WHERE bno = #{bno} and writer = #{writer}
    </delete>

<!--    만약 관리자라면 아래와 같이 처리-->
<!--    <delete id="deleteForAdmin" parameterType="map">-->
<!--        DELETE FROM board WHERE bno = #{bno}-->
<!--    </delete>-->
<!--    -->

<!--    전부 다 갖고 오는건데 게시판 목록 보여줄때 등록일의 역순으로, 번호를 역순으로 기준으로 보여줌-->
    <select id="selectAll" resultType="BoardDto">
        SELECT bno, title, content, writer, view_cnt, comment_cnt, reg_date
        FROM board
        ORDER BY reg_date DESC, bno DESC
    </select>


<!--    조회했을때 조회수 + 1 하는 기능-->
    <update id="increaseViewCnt" parameterType="int">
        UPDATE board
        SET   view_cnt = view_cnt + 1
        WHERE bno = #{bno}
    </update>

<!--    게시판 데이터 다 지우는 쿼리-->
    <delete id="deleteAll">
        DELETE FROM board
    </delete>

    <sql id="selectFromBoard">
        SELECT bno, title, content, writer, view_cnt, comment_cnt, reg_date
        FROM board
    </sql>


    <select id="selectPage" parameterType="map" resultType="BoardDto">
        <include refid="selectFromBoard"/>
        ORDER BY reg_date DESC, bno DESC
        LIMIT #{offset}, #{pageSize}
    </select>


    <update id="updateCommentCnt" parameterType="map">
        UPDATE board
        SET   comment_cnt = comment_cnt + #{cnt}
        WHERE bno = #{bno}
    </update>

    <sql id="searchCondition">
        <choose>
            <when test='option=="T"'>
                AND title LIKE concat('%', #{keyword}, '%')
            </when>
            <when test='option=="W"'>
                AND writer LIKE concat('%', #{keyword}, '%')
            </when>
            <otherwise>
                AND (title   LIKE concat('%', #{keyword}, '%')
                OR   content LIKE concat('%', #{keyword}, '%'))
            </otherwise>
        </choose>
    </sql>


<!--    <select id="test" parameterType="SearchCondition" resultType="BoardDto">-->
<!--        SELECT bno, title, content, writer, view_cnt, comment_cnt, reg_date-->
<!--        FROM  board-->
<!--        where-->
<!--        <choose>-->
<!--            <when test='option=="T"'>-->
<!--                title LIKE concat('%', #{keyword}, '%')-->
<!--            </when>-->
<!--            <when test='option=="W"'>-->
<!--                 writer LIKE concat('%', #{keyword}, '%')-->
<!--            </when>-->
<!--            <otherwise>-->


<!--            </otherwise>-->
<!--        </choose>-->

<!--        ORDER BY reg_date DESC, bno DESC-->

<!--    </select>-->

    <select id="searchSelectPage" parameterType="SearchCondition" resultType="BoardDto">
        SELECT bno, title, content, writer, view_cnt, comment_cnt, reg_date
        FROM  board
        WHERE true
        <include refid="searchCondition"/>
        ORDER BY reg_date DESC, bno DESC
        LIMIT #{offset}, #{pageSize}
    </select>

    <select id="searchResultCnt" parameterType="SearchCondition" resultType="int">
        SELECT count(*)
        FROM  board
        WHERE true
        <include refid="searchCondition"/>
    </select>

<!--    <update id="updateCommentCnt" parameterType="map">-->
<!--        UPDATE board-->
<!--        SET comment_cnt = comment_cnt + #{cnt}-->
<!--        WHERE bno = #{bno}-->
<!--    </update>-->


</mapper>