<?xml version="1.0" encoding="UTF-8" ?>
<!DOCTYPE mapper PUBLIC "-//mybatis.org//DTD Mapper 3.0//EN"
        "http://mybatis.org/dtd/mybatis-3-mapper.dtd">

<mapper namespace="com.fastcampus.ch4.dao.CommentMapper">
<!--     특정 게시물 댓글 다 삭제-->
    <delete id="deleteAll" parameterType="int">
        DELETE FROM comment
        WHERE  bno = #{bno}
    </delete>

<!--    특정 게시물의 댓글 갯수-->
    <select id="count" parameterType="int" resultType="int">
        SELECT count(*) FROM comment
        WHERE  bno = #{bno}
    </select>

<!--    삭제 시 cno뿐만 아니라 작성자가 맞는지 보고 삭제 -->
    <delete id="delete" parameterType="map">
        DELETE FROM comment WHERE cno = #{cno} AND commenter = #{commenter}
    </delete>

    <insert id="insert" parameterType="CommentDto">
        INSERT INTO comment
            (bno, pcno, comment, commenter, reg_date, up_date)
        VALUES
            (#{bno}, #{pcno}, #{comment}, #{commenter}, now(), now())
    </insert>

    <!-- order by 가 2개일때 / 앞에 있는 걸로 먼저 정렬후 값이 같을때는 뒤에 껄로 정렬함 -->
    <select id="selectAll" parameterType="int" resultType="CommentDto">
        SELECT cno, bno, ifnull(pcno, cno) as pcno, comment, commenter, reg_date, up_date
        FROM comment
        WHERE bno = #{bno}
        ORDER BY pcno ASC, cno asc;
    </select>

    <select id="select" parameterType="int" resultType="CommentDto">
        SELECT cno, bno, pcno, comment, commenter, reg_date, up_date
        FROM comment
        WHERE cno = #{cno}
    </select>

<!--    작성자가 일치할때만 업데이트 가능-->
    <update id="update" parameterType="CommentDto">
        UPDATE comment
        SET comment = #{comment}
          , up_date = now()
        WHERE cno = #{cno} and commenter = #{commenter}
    </update>
</mapper>